outlet_id,outlet_name,brand,district,depot,dock_type,parking_constraint,window_open_time,window_close_time
OUT001,Demo Outlet OUT001,Fresh,Colombo,Peliyagoda,street,van_only,05:00,07:30
OUT002,Demo Outlet OUT002,Fresh,Colombo,Peliyagoda,street,van_only,05:30,08:00
OUT003,Demo Outlet OUT003,Fresh,Colombo,Peliyagoda,street,van_only,05:00,07:30
OUT004,Demo Outlet OUT004,Fresh,Colombo,Peliyagoda,street,normal,05:30,08:00
OUT005,Demo Outlet OUT005,Fresh,Colombo,Peliyagoda,rear_dock,normal,04:00,07:45
OUT006,Demo Outlet OUT006,Fresh,Colombo,Peliyagoda,street,normal,03:00,08:00
OUT007,Demo Outlet OUT007,Fresh,Colombo,Peliyagoda,street,normal,05:30,08:00
OUT008,Demo Outlet OUT008,Fresh,Colombo,Peliyagoda,rear_dock,normal,05:00,07:30
OUT009,Demo Outlet OUT009,Fresh,Colombo,Peliyagoda,rear_dock,normal,04:00,07:45
OUT010,Demo Outlet OUT010,Fresh,Colombo,Peliyagoda,rear_dock,normal,05:00,07:30
OUT011,Demo Outlet OUT011,Fresh,Colombo,Peliyagoda,rear_dock,normal,03:00,08:00
OUT012,Demo Outlet OUT012,Fresh,Colombo,Peliyagoda,rear_dock,normal,05:30,08:00
OUT013,Demo Outlet OUT013,Fresh,Colombo,Peliyagoda,rear_dock,normal,05:00,07:30
OUT014,Demo Outlet OUT014,Fresh,Colombo,Peliyagoda,street,normal,05:30,08:00
OUT015,Demo Outlet OUT015,Style,Colombo,Peliyagoda,mall_bay,mall_dock,09:00,11:00
OUT016,Demo Outlet OUT016,Style,Colombo,Peliyagoda,mall_bay,mall_dock,09:00,11:00
OUT017,Demo Outlet OUT017,Style,Colombo,Peliyagoda,mall_bay,mall_dock,10:30,12:30
OUT018,Demo Outlet OUT018,Style,Colombo,Peliyagoda,mall_bay,mall_dock,10:30,12:30
OUT019,Demo Outlet OUT019,Style,Colombo,Peliyagoda,rear_dock,normal,09:00,17:00
OUT020,Demo Outlet OUT020,Style,Colombo,Peliyagoda,street,normal,09:00,17:00
OUT021,Demo Outlet OUT021,Tech,Colombo,Peliyagoda,mall_bay,mall_dock,10:30,12:30
OUT022,Demo Outlet OUT022,Tech,Colombo,Peliyagoda,mall_bay,mall_dock,10:00,12:00
OUT023,Demo Outlet OUT023,Tech,Colombo,Peliyagoda,street,normal,09:00,17:00
OUT024,Demo Outlet OUT024,Tech,Colombo,Peliyagoda,rear_dock,normal,09:00,17:00
OUT025,Demo Outlet OUT025,Fresh,Gampaha,Peliyagoda,rear_dock,normal,05:30,08:00
OUT026,Demo Outlet OUT026,Fresh,Gampaha,Peliyagoda,rear_dock,normal,03:00,08:00
OUT027,Demo Outlet OUT027,Fresh,Gampaha,Peliyagoda,street,normal,05:00,07:30
OUT028,Demo Outlet OUT028,Fresh,Gampaha,Peliyagoda,street,normal,03:00,08:00
OUT029,Demo Outlet OUT029,Fresh,Gampaha,Peliyagoda,rear_dock,normal,05:30,08:00
OUT030,Demo Outlet OUT030,Fresh,Gampaha,Peliyagoda,rear_dock,normal,03:00,08:00
OUT031,Demo Outlet OUT031,Fresh,Gampaha,Peliyagoda,rear_dock,normal,03:00,08:00
OUT032,Demo Outlet OUT032,Fresh,Gampaha,Peliyagoda,rear_dock,normal,04:00,07:45
OUT033,Demo Outlet OUT033,Fresh,Gampaha,Peliyagoda,rear_dock,normal,05:30,08:00
OUT034,Demo Outlet OUT034,Fresh,Gampaha,Peliyagoda,rear_dock,normal,05:00,07:30
OUT035,Demo Outlet OUT035,Style,Gampaha,Peliyagoda,mall_bay,mall_dock,10:30,12:30
OUT036,Demo Outlet OUT036,Style,Gampaha,Peliyagoda,mall_bay,mall_dock,10:30,12:30
OUT037,Demo Outlet OUT037,Style,Gampaha,Peliyagoda,street,normal,09:00,17:00
OUT038,Demo Outlet OUT038,Tech,Gampaha,Peliyagoda,street,normal,09:00,17:00
OUT039,Demo Outlet OUT039,Tech,Gampaha,Peliyagoda,rear_dock,normal,09:00,17:00
OUT040,Demo Outlet OUT040,Fresh,Kalutara,Peliyagoda,street,normal,03:00,08:00
OUT041,Demo Outlet OUT041,Fresh,Kalutara,Peliyagoda,rear_dock,normal,05:00,07:30
OUT042,Demo Outlet OUT042,Fresh,Kalutara,Peliyagoda,rear_dock,normal,03:00,08:00
OUT043,Demo Outlet OUT043,Fresh,Kalutara,Peliyagoda,street,normal,05:00,07:30
OUT044,Demo Outlet OUT044,Fresh,Kalutara,Peliyagoda,rear_dock,normal,03:00,08:00
OUT045,Demo Outlet OUT045,Fresh,Kalutara,Peliyagoda,rear_dock,normal,03:00,08:00
OUT046,Demo Outlet OUT046,Fresh,Kalutara,Peliyagoda,rear_dock,normal,05:00,07:30
OUT047,Demo Outlet OUT047,Style,Kalutara,Peliyagoda,street,normal,09:00,17:00
OUT048,Demo Outlet OUT048,Style,Kalutara,Peliyagoda,rear_dock,normal,09:00,17:00
OUT049,Demo Outlet OUT049,Tech,Kalutara,Peliyagoda,street,normal,09:00,17:00
OUT050,Demo Outlet OUT050,Fresh,Galle,Peliyagoda,rear_dock,normal,05:30,08:00
OUT051,Demo Outlet OUT051,Fresh,Galle,Peliyagoda,street,normal,03:00,08:00
OUT052,Demo Outlet OUT052,Fresh,Galle,Peliyagoda,street,normal,05:00,07:30
OUT053,Demo Outlet OUT053,Fresh,Galle,Peliyagoda,street,normal,03:00,08:00
OUT054,Demo Outlet OUT054,Fresh,Galle,Peliyagoda,rear_dock,normal,05:00,07:30
OUT055,Demo Outlet OUT055,Fresh,Galle,Peliyagoda,street,normal,05:00,07:30
OUT056,Demo Outlet OUT056,Style,Galle,Peliyagoda,mall_bay,mall_dock,10:00,12:00
OUT057,Demo Outlet OUT057,Style,Galle,Peliyagoda,street,normal,09:00,17:00
OUT058,Demo Outlet OUT058,Tech,Galle,Peliyagoda,rear_dock,normal,09:00,17:00
OUT059,Demo Outlet OUT059,Fresh,Matara,Peliyagoda,rear_dock,normal,04:00,07:45
OUT060,Demo Outlet OUT060,Fresh,Matara,Peliyagoda,rear_dock,normal,03:00,08:00
OUT061,Demo Outlet OUT061,Fresh,Matara,Peliyagoda,rear_dock,normal,05:00,07:30
OUT062,Demo Outlet OUT062,Fresh,Matara,Peliyagoda,rear_dock,normal,05:30,08:00
OUT063,Demo Outlet OUT063,Style,Matara,Peliyagoda,street,normal,09:00,17:00
OUT064,Demo Outlet OUT064,Tech,Matara,Peliyagoda,rear_dock,normal,09:00,17:00
OUT065,Demo Outlet OUT065,Fresh,Kurunegala,Peliyagoda,rear_dock,normal,05:30,08:00
OUT066,Demo Outlet OUT066,Fresh,Kurunegala,Peliyagoda,rear_dock,normal,04:00,07:45
OUT067,Demo Outlet OUT067,Fresh,Kurunegala,Peliyagoda,rear_dock,normal,05:00,07:30
OUT068,Demo Outlet OUT068,Fresh,Kurunegala,Peliyagoda,rear_dock,normal,03:00,08:00
OUT069,Demo Outlet OUT069,Fresh,Kurunegala,Peliyagoda,rear_dock,normal,05:30,08:00
OUT070,Demo Outlet OUT070,Style,Kurunegala,Peliyagoda,rear_dock,normal,09:00,17:00
OUT071,Demo Outlet OUT071,Style,Kurunegala,Peliyagoda,street,normal,09:00,17:00
OUT072,Demo Outlet OUT072,Tech,Kurunegala,Peliyagoda,rear_dock,normal,09:00,17:00
OUT073,Demo Outlet OUT073,Fresh,Puttalam,Peliyagoda,rear_dock,normal,03:00,08:00
OUT074,Demo Outlet OUT074,Fresh,Puttalam,Peliyagoda,rear_dock,normal,05:30,08:00
OUT075,Demo Outlet OUT075,Fresh,Puttalam,Peliyagoda,rear_dock,normal,03:00,08:00
OUT076,Demo Outlet OUT076,Fresh,Kandy,Kandy,street,van_only,03:00,08:00
OUT077,Demo Outlet OUT077,Fresh,Kandy,Kandy,street,van_only,05:00,07:30
OUT078,Demo Outlet OUT078,Fresh,Kandy,Kandy,street,van_only,03:00,08:00
OUT079,Demo Outlet OUT079,Fresh,Kandy,Kandy,street,van_only,04:00,07:45
OUT080,Demo Outlet OUT080,Fresh,Kandy,Kandy,street,van_only,05:30,08:00
OUT081,Demo Outlet OUT081,Fresh,Kandy,Kandy,street,van_only,03:00,08:00
OUT082,Demo Outlet OUT082,Fresh,Kandy,Kandy,street,van_only,03:00,08:00
OUT083,Demo Outlet OUT083,Fresh,Kandy,Kandy,street,van_only,04:00,07:45
OUT084,Demo Outlet OUT084,Fresh,Kandy,Kandy,rear_dock,normal,05:30,08:00
OUT085,Demo Outlet OUT085,Fresh,Kandy,Kandy,rear_dock,normal,05:00,07:30
OUT086,Demo Outlet OUT086,Fresh,Kandy,Kandy,rear_dock,normal,03:00,08:00
OUT087,Demo Outlet OUT087,Fresh,Kandy,Kandy,rear_dock,normal,03:00,08:00
OUT088,Demo Outlet OUT088,Style,Kandy,Kandy,street,van_only,09:00,17:00
OUT089,Demo Outlet OUT089,Style,Kandy,Kandy,mall_bay,mall_dock,10:30,12:30
OUT090,Demo Outlet OUT090,Style,Kandy,Kandy,mall_bay,mall_dock,10:30,12:30
OUT091,Demo Outlet OUT091,Style,Kandy,Kandy,street,normal,09:00,17:00
OUT092,Demo Outlet OUT092,Style,Kandy,Kandy,street,normal,09:00,17:00
OUT093,Demo Outlet OUT093,Tech,Kandy,Kandy,street,van_only,09:00,17:00
OUT094,Demo Outlet OUT094,Tech,Kandy,Kandy,mall_bay,mall_dock,09:00,11:00
OUT095,Demo Outlet OUT095,Tech,Kandy,Kandy,rear_dock,normal,09:00,17:00
OUT096,Demo Outlet OUT096,Fresh,Matale,Kandy,rear_dock,normal,05:30,08:00
OUT097,Demo Outlet OUT097,Fresh,Matale,Kandy,street,normal,03:00,08:00
OUT098,Demo Outlet OUT098,Fresh,Matale,Kandy,rear_dock,normal,03:00,08:00
OUT099,Demo Outlet OUT099,Fresh,Matale,Kandy,rear_dock,normal,05:00,07:30
OUT100,Demo Outlet OUT100,Fresh,Matale,Kandy,rear_dock,normal,03:00,08:00
OUT101,Demo Outlet OUT101,Fresh,Matale,Kandy,rear_dock,normal,05:00,07:30
OUT102,Demo Outlet OUT102,Style,Matale,Kandy,street,normal,09:00,17:00
OUT103,Demo Outlet OUT103,Tech,Matale,Kandy,rear_dock,normal,09:00,17:00
OUT104,Demo Outlet OUT104,Fresh,Nuwara Eliya,Kandy,rear_dock,normal,03:00,08:00
OUT105,Demo Outlet OUT105,Fresh,Nuwara Eliya,Kandy,rear_dock,normal,05:00,07:30
OUT106,Demo Outlet OUT106,Fresh,Nuwara Eliya,Kandy,rear_dock,normal,05:30,08:00
OUT107,Demo Outlet OUT107,Fresh,Nuwara Eliya,Kandy,rear_dock,normal,03:00,08:00
OUT108,Demo Outlet OUT108,Fresh,Nuwara Eliya,Kandy,rear_dock,normal,04:00,07:45
OUT109,Demo Outlet OUT109,Style,Nuwara Eliya,Kandy,rear_dock,normal,09:00,17:00
OUT110,Demo Outlet OUT110,Fresh,Badulla,Kandy,rear_dock,normal,03:00,08:00
OUT111,Demo Outlet OUT111,Fresh,Badulla,Kandy,rear_dock,normal,03:00,08:00
OUT112,Demo Outlet OUT112,Fresh,Badulla,Kandy,rear_dock,normal,04:00,07:45
OUT113,Demo Outlet OUT113,Fresh,Badulla,Kandy,rear_dock,normal,05:30,08:00
OUT114,Demo Outlet OUT114,Style,Badulla,Kandy,rear_dock,normal,09:00,17:00
OUT115,Demo Outlet OUT115,Tech,Badulla,Kandy,street,normal,09:00,17:00
OUT116,Demo Outlet OUT116,Fresh,Kegalle,Kandy,rear_dock,normal,05:00,07:30
OUT117,Demo Outlet OUT117,Fresh,Kegalle,Kandy,rear_dock,normal,04:00,07:45
OUT118,Demo Outlet OUT118,Fresh,Kegalle,Kandy,street,normal,04:00,07:45
OUT119,Demo Outlet OUT119,Fresh,Kegalle,Kandy,rear_dock,normal,03:00,08:00
OUT120,Demo Outlet OUT120,Style,Kegalle,Kandy,rear_dock,normal,09:00,17:00
